[
  {
    "name": "Espresso",
    "ingredients": [
      {"ingredient":"espresso",    "quantity":30, "color":"#221100"}
    ]
  },
  {
    "name": "Espresso Doppio",
    "ingredients": [
      {"ingredient":"espresso",    "quantity":60, "color":"#221100"}
    ]
  },
    {
    "name": "Cafe Macchiato",
    "ingredients": [
      {"ingredient":"espresso",    "quantity":60, "color":"#221100"},
      {"ingredient":"foamedmilk",  "quantity":10, "color":"#DDDDCC"}
    ]
  },
  {
    "name": "Cafe Cortado",
    "ingredients": [
      {"ingredient":"espresso",    "quantity":60, "color":"#221100"},
      {"ingredient":"foamedmilk",  "quantity":30, "color":"#DDDDCC"}
    ]
  },
  {
    "name": "Cappuccino",
    "ingredients": [
      {"ingredient":"espresso",    "quantity":40, "color":"#221100"},
      {"ingredient":"steamedmilk", "quantity":40, "color":"#FFFFFF"},
      {"ingredient":"foamedmilk",  "quantity":40, "color":"#DDDDCC"}
    ]
  },
  {
    "name": "Americano",
    "ingredients": [
      {"ingredient":"espresso",    "quantity":50, "color":"#221100"},
      {"ingredient":"hotwater",    "quantity":60, "color":"#0099FF"}
    ]
  },
  {
    "name": "Black Eye",
    "ingredients": [
      {"ingredient":"espresso",    "quantity":50, "color":"#221100"},
      {"ingredient":"brewedcoffee","quantity":50, "color":"#443322"}
    ]
  },
  {
    "name": "Mocha",
    "ingredients": [
      {"ingredient":"espresso",    "quantity":50, "color":"#221100"},
      {"ingredient":"chocolate",   "quantity":50, "color":"#AA6644"},
      {"ingredient":"steamedmilk", "quantity":20, "color":"#FFFFFF"}
    ]
  },
  {
    "name": "Irish Coffee",
    "ingredients": [
      {"ingredient":"espresso",    "quantity":60, "color":"#221100"},
      {"ingredient":"whiskey",     "quantity":40, "color":"#FFCC77"},
      {"ingredient":"whippedcream","quantity":20, "color":"#FFFFFF"}
    ]
  }
]
